"age","gender","ownhome","married","location","salary","children","history","catalogs","amountspent"
"Old","Female","Own","Single","Far",59734,0,"High",6,88.6
"Middle","Male","Rent","Single","Close",96798,0,"High",6,137
"Young","Female","Rent","Single","Close",32380,0,"Low",18,91.1
"Middle","Male","Own","Married","Close",91406,1,"High",18,249.9
"Middle","Female","Own","Single","Close",190178,0,"High",12,168.8
"Young","Male","Own","Married","Close",37726,0,"Low",6,57.4
"Middle","Female","Rent","Single","Close",61516,0,"Medium",12,85.6
"Middle","Male","Own","Single","Close",75763,0,"High",18,122.1
"Middle","Female","Own","Married","Close",57697,3,"Low",6,21.8
"Old","Male","Own","Married","Far",86735,0,"None",18,311.3
"Young","Male","Rent","Married","Close",49863,1,"None",12,102.6
"Middle","Male","Own","Married","Far",124844,3,"High",18,212.5
"Middle","Female","Own","Married","Close",66586,1,"Medium",24,78
"Middle","Male","Own","Married","Close",152249,0,"High",12,245.7
"Old","Female","Own","Married","Far",130351,0,"High",24,564.5
"Middle","Female","Own","Married","Far",90019,1,"None",12,318.8
"Old","Female","Own","Married","Close",90742,0,"High",24,340.3
"Middle","Male","Own","Married","Close",95598,0,"High",18,207.8
"Middle","Male","Rent","Single","Close",43897,1,"Low",18,105.9
"Old","Female","Rent","Single","Far",20743,0,"Low",12,70.2
"Young","Female","Rent","Single","Far",21993,2,"Low",6,88.4
"Young","Male","Rent","Married","Close",78650,0,"Medium",12,89.6
"Old","Female","Rent","Married","Far",99919,0,"High",18,247.1
"Young","Male","Rent","Married","Far",48635,1,"Medium",12,87.4
"Young","Female","Rent","Married","Close",51978,1,"None",6,57.7
"Middle","Female","Own","Married","Close",103091,3,"Low",18,78.1
"Middle","Male","Own","Single","Close",74195,3,"None",6,79.9
"Middle","Female","Rent","Married","Far",133555,0,"High",18,213.7
"Middle","Female","Rent","Married","Close",74311,2,"Medium",12,86.3
"Young","Male","Rent","Single","Close",28127,1,"None",18,93.8
"Old","Female","Rent","Married","Close",53115,0,"Medium",12,72
"Middle","Male","Rent","Married","Far",82087,1,"High",12,214.9
"Middle","Female","Rent","Married","Close",111560,3,"None",24,250.3
"Middle","Male","Own","Married","Close",126741,0,"High",24,1309.3
"Middle","Male","Rent","Single","Far",82443,0,"High",12,246
"Middle","Female","Own","Single","Close",36077,2,"Low",6,32.1
"Middle","Female","Own","Single","Far",72767,2,"High",24,179.2
"Middle","Male","Rent","Single","Close",62204,1,"Medium",12,73.9
"Old","Female","Own","Married","Close",179634,0,"None",18,134.2
"Old","Female","Rent","Single","Close",29407,0,"Low",24,161
"Middle","Male","Own","Single","Close",79422,3,"Low",12,46.5
"Middle","Female","Own","Married","Far",109467,3,"None",24,313.7
"Middle","Male","Rent","Married","Close",87031,1,"None",24,257.8
"Old","Female","Rent","Married","Far",95180,0,"High",18,373.2
"Middle","Female","Own","Single","Close",56961,1,"Medium",12,100.2
"Old","Female","Own","Married","Close",118852,0,"High",18,286
"Middle","Male","Own","Married","Close",92827,0,"None",6,107.6
"Young","Male","Own","Married","Close",64103,0,"None",18,155.1
"Middle","Male","Own","Married","Close",132123,2,"High",18,207.1
"Middle","Female","Own","Married","Close",89391,1,"High",24,277.3
"Middle","Female","Own","Married","Close",137143,1,"High",6,117.8
"Middle","Female","Own","Married","Far",221384,0,"High",18,374.1
"Middle","Female","Own","Married","Close",117385,1,"None",24,344.7
"Middle","Female","Own","Single","Far",63035,3,"Medium",6,64
"Middle","Female","Rent","Single","Close",55260,0,"Medium",24,103.3
"Old","Male","Rent","Married","Close",80641,0,"High",24,283.4
"Middle","Male","Own","Single","Close",68698,0,"High",24,132.5
"Young","Male","Rent","Married","Close",78918,0,"High",12,121.5
"Middle","Male","Rent","Single","Close",47995,0,"Medium",24,119.7
"Young","Female","Own","Married","Far",55310,0,"None",6,106.8
"Middle","Male","Own","Single","Close",73160,2,"Medium",12,80.9
"Young","Female","Own","Single","Close",32437,2,"None",12,105.2
"Young","Female","Own","Single","Close",24717,1,"Low",6,21
"Old","Female","Own","Single","Close",24765,0,"Low",24,59.6
"Old","Female","Own","Married","Close",67625,0,"High",6,567.7
"Young","Male","Rent","Married","Close",72066,0,"None",18,147
"Middle","Male","Own","Married","Far",77664,0,"None",24,264.8
"Young","Female","Rent","Single","Far",44904,0,"None",24,42.1
"Middle","Female","Own","Single","Close",59680,0,"Medium",24,157.1
"Middle","Male","Own","Single","Far",79742,0,"High",24,425.6
"Young","Female","Rent","Single","Close",58328,0,"None",12,68.1
"Middle","Female","Own","Married","Far",128325,1,"High",18,306.5
"Middle","Male","Own","Single","Far",143326,0,"None",6,107
"Young","Male","Rent","Single","Close",21774,0,"None",24,67
"Young","Male","Rent","Single","Close",22380,3,"Low",6,11.8
"Middle","Male","Own","Single","Close",65436,1,"None",6,106.8
"Young","Female","Rent","Married","Close",65730,3,"Low",12,39.5
"Middle","Male","Own","Married","Far",122907,2,"High",18,171.7
"Young","Female","Own","Single","Close",378234,1,"Low",6,27.3
"Young","Female","Rent","Single","Close",41182,2,"Low",18,43
"Middle","Male","Rent","Married","Far",55817,2,"None",12,178.5
"Middle","Female","Own","Married","Close",115881,1,"Medium",6,77.8
"Young","Female","Rent","Single","Far",630025,1,"Medium",24,98.9
"Old","Female","Own","Single","Close",17298,0,"None",6,31
"Middle","Male","Own","Married","Close",135682,0,"None",12,196.3
"Middle","Male","Rent","Single","Close",54717,0,"Medium",18,170.3
"Middle","Female","Own","Single","Close",62295,2,"Low",12,63.3
"Young","Male","Rent","Single","Far",27815,0,"Medium",18,103.3
"Middle","Male","Rent","Single","Close",46181,0,"None",6,71.9
"Young","Female","Rent","Single","Close",23468,1,"Low",6,16.6
"Middle","Female","Rent","Married","Far",79156,1,"High",18,158.4
"Old","Male","Own","Married","Close",159128,0,"High",24,478.4
"Old","Male","Own","Married","Close",83760,0,"High",6,82.8
"Old","Female","Own","Married","Far",69205,2,"Medium",12,87.6
"Young","Female","Rent","Single","Close",29366,1,"None",12,61.5
"Young","Male","Rent","Married","Close",36902,1,"Low",6,63.3
"Middle","Female","Own","Married","Close",122440,3,"Low",24,119.7
"Young","Female","Rent","Single","Far",43800,1,"Low",6,59.4
"Middle","Male","Own","Married","Close",86819,0,"High",24,193.5
"Middle","Male","Rent","Married","Far",92947,2,"High",18,208.3
"Young","Female","Rent","Single","Far",26755,3,"None",24,85.6
"Middle","Female","Rent","Single","Close",49608,0,"None",18,184.3
"Middle","Male","Rent","Single","Far",66937,0,"High",24,314.2
"Middle","Female","Own","Single","Close",63369,2,"Low",18,137.8
"Young","Male","Own","Single","Close",26609,0,"Low",24,70.8
"Middle","Male","Own","Married","Far",104798,3,"High",24,232.6
"Old","Female","Own","Married","Far",99483,0,"None",24,253.6
"Young","Female","Own","Single","Far",81171,0,"Medium",18,166.2
"Old","Female","Own","Married","Close",76500,0,"High",24,290.3
"Middle","Male","Own","Married","Close",85917,2,"None",6,175.1
"Middle","Male","Rent","Married","Close",106674,1,"High",24,226.6
"Middle","Female","Own","Single","Close",56098,2,"None",18,122.8
"Old","Male","Own","Married","Close",112579,0,"High",12,198.7
"Middle","Female","Rent","Married","Close",819907,3,"Low",6,102.8
"Old","Male","Rent","Single","Close",98262,0,"Medium",6,119.5
"Young","Female","Rent","Single","Close",23658,1,"Low",6,27.9
"Old","Male","Own","Married","Close",65346,0,"Medium",24,469.6
"Middle","Male","Own","Single","Far",133110,0,"High",12,180.5
"Old","Male","Own","Married","Far",69228,0,"High",18,191.6
"Young","Male","Rent","Single","Close",61009,0,"None",6,51.2
"Young","Female","Rent","Single","Close",19648,0,"Low",24,40.8
"Middle","Male","Rent","Single","Far",59639,0,"High",18,243.6
"Middle","Female","Own","Single","Far",94969,3,"None",24,222.6
"Middle","Male","Own","Married","Close",124715,1,"None",18,361.6
"Young","Female","Rent","Single","Far",42045,3,"Low",6,19.2
"Young","Male","Rent","Single","Close",23229,3,"None",12,53.8
"Middle","Female","Own","Married","Far",71405,0,"High",24,260.8
"Young","Male","Rent","Single","Close",21454,0,"None",18,117.1
"Middle","Female","Own","Single","Close",42531,0,"Medium",12,210.1
"Young","Female","Rent","Single","Far",35761,0,"None",6,39.7
"Middle","Male","Own","Married","Close",118776,2,"Medium",18,1000
"Middle","Male","Own","Married","Close",80282,2,"None",6,77.3
"Young","Male","Rent","Single","Close",32320,0,"None",6,24.4
"Middle","Female","Own","Married","Close",31801930,2,"None",24,324.8
"Old","Female","Rent","Married","Far",103674,0,"High",24,225.5
"Middle","Female","Rent","Married","Far",53167,3,"Medium",24,164.2
"Young","Female","Own","Single","Far",28751,3,"None",6,38
"Middle","Female","Own","Single","Close",104015,3,"Low",12,29.7
"Young","Female","Own","Married","Far",75916,0,"High",24,376
"Young","Male","Rent","Single","Close",25591,0,"None",12,40
"Young","Female","Rent","Single","Close",19998,1,"Low",6,23
"Old","Female","Own","Married","Far",2338231,0,"High",12,318
"Middle","Male","Own","Married","Far",112269,1,"High",24,241
"Young","Female","Rent","Single","Far",17019,3,"Low",6,24.9
"Middle","Female","Own","Married","Close",86886,3,"Low",24,98.9
"Old","Female","Rent","Single","Close",100125,0,"Low",18,60.5
"Old","Female","Own","Married","Close",126072,0,"High",18,422
"Old","Female","Own","Married","Far",86839,0,"High",24,302.3
"Middle","Male","Own","Married","Close",60559,1,"None",12,1000
"Young","Female","Rent","Single","Far",17045,3,"None",12,44.5
"Young","Male","Rent","Married","Close",44153,3,"None",12,138.9
"Young","Female","Rent","Single","Close",38097,1,"Low",12,27.7
"Middle","Female","Own","Married","Far",116502,0,"High",18,451.4
"Middle","Male","Own","Single","Close",91616,0,"High",18,173.8
"Young","Male","Rent","Single","Close",28714,0,"None",18,75.7
"Middle","Female","Rent","Single","Close",46514,3,"Low",6,35.1
"Middle","Female","Own","Single","Close",65346,2,"Low",6,58.7
"Old","Female","Own","Single","Far",58704,0,"High",24,192.3
"Young","Female","Rent","Single","Close",18741,1,"Low",6,20.1
"Middle","Male","Own","Married","Far",122413,2,"High",18,359.9
"Middle","Male","Own","Single","Close",68782,1,"None",24,246.7
"Young","Female","Rent","Single","Close",20905,1,"None",18,139.5
"Young","Male","Rent","Single","Close",251216,0,"Low",24,71.1
"Middle","Male","Own","Single","Far",64729,2,"Medium",18,131.7
"Middle","Female","Rent","Single","Close",57076,3,"Low",12,37.9
"Old","Male","Own","Married","Close",62073,0,"Medium",12,156.7
"Middle","Female","Own","Married","Close",93322,0,"None",24,288.8
"Middle","Male","Own","Married","Far",130759,0,"High",12,246.5
"Old","Female","Rent","Married","Close",91090,0,"High",18,279.4
"Middle","Male","Own","Married","Far",154523,0,"High",12,509.7
"Old","Female","Own","Single","Close",34628,0,"Low",24,68.8
"Middle","Male","Rent","Single","Close",78341,0,"High",6,77.9
"Young","Female","Rent","Married","Far",90941,0,"None",6,115.8
"Middle","Male","Own","Single","Close",101072,0,"Medium",12,142
"Middle","Male","Own","Married","Far",92991,0,"High",12,277
"Old","Male","Own","Married","Close",78142,0,"High",6,201.7
"Old","Male","Own","Single","Close",52265,0,"Medium",18,86.8
"Old","Female","Rent","Single","Close",37798,0,"Low",12,89.1
"Young","Female","Rent","Married","Close",67276,0,"None",18,167.2
"Middle","Female","Own","Married","Close",94658,1,"None",12,188.9
"Old","Female","Own","Married","Close",41276,0,"Medium",6,54
"Young","Female","Rent","Married","Close",67114,0,"None",12,160
"Old","Female","Rent","Married","Close",52911,0,"Medium",6,220.3
"Middle","Female","Own","Married","Close",130138,1,"None",12,202.9
"Young","Male","Rent","Married","Close",51501,0,"Medium",6,103.6
"Middle","Male","Own","Married","Far",82852,1,"High",18,212.2
"Middle","Female","Own","Single","Close",76987,1,"None",12,207.9
"Middle","Female","Rent","Single","Far",44579,3,"Low",6,41.7
"Young","Female","Rent","Married","Close",45488,0,"None",6,68.3
"Middle","Female","Rent","Married","Close",124539,1,"None",18,277.8
"Young","Female","Own","Single","Close",41617,2,"Low",24,49.9
"Middle","Female","Rent","Married","Close",97890,2,"Medium",6,77.4
"Middle","Female","Own","Married","Close",43081,0,"Medium",24,115
"Young","Female","Rent","Single","Far",52918,2,"Low",18,27.2
"Young","Female","Rent","Single","Close",18909,1,"Low",6,29.5
"Old","Female","Own","Single","Close",71942,0,"None",6,135.9
"Middle","Male","Own","Married","Far",123007,0,"None",12,653.2
"Middle","Male","Own","Married","Far",124185,3,"High",18,188.8
"Young","Female","Rent","Single","Close",22341,1,"Low",6,31.3
"Young","Female","Rent","Single","Close",348037,1,"Low",6,25
"Middle","Male","Own","Married","Far",118989,1,"High",24,355.4
"Old","Female","Own","Married","Far",94592,0,"High",6,208.1
"Middle","Male","Own","Married","Close",92536,0,"High",24,205.8
"Middle","Male","Own","Married","Close",82597,0,"High",12,224.5
"Middle","Female","Rent","Married","Close",84240,3,"Low",6,32.9
"Young","Male","Rent","Married","Close",96946,3,"Low",6,27.9
"Young","Female","Rent","Married","Close",46526,1,"Medium",18,114.9
"Young","Female","Rent","Single","Close",442846,1,"None",12,1257.1
"Middle","Male","Own","Married","Close",108154,0,"Medium",18,92.9
"Old","Female","Rent","Married","Close",30065,1,"Low",6,45.3
"Middle","Male","Rent","Single","Far",64347,0,"High",24,212.8
"Middle","Male","Own","Single","Far",81052,1,"None",24,177.1
"Young","Female","Rent","Single","Close",27386,1,"Low",24,39.4
"Young","Male","Rent","Married","Far",28636,1,"Low",24,63.4
"Middle","Female","Rent","Married","Far",66916,3,"Medium",24,135.9
"Middle","Female","Own","Married","Far",107421,1,"None",24,261.2
"Middle","Female","Rent","Married","Far",129529,1,"High",24,595.2
"Young","Female","Rent","Single","Far",23653,1,"Low",18,150.2
"Young","Female","Rent","Married","Close",48665,0,"None",6,93.6
"Middle","Male","Rent","Single","Close",67088,0,"Medium",18,200.8
"Middle","Female","Rent","Single","Close",106206,0,"Medium",12,96.8
"Middle","Male","Own","Married","Close",107189,0,"High",18,359.9
"Middle","Female","Own","Single","Close",58943,0,"Medium",18,532.2
"Old","Male","Own","Single","Close",76223,0,"None",12,181.3
"Middle","Male","Own","Married","Close",120654,3,"Low",24,118.7
"Young","Female","Rent","Single","Close",34440,2,"None",6,24.4
"Young","Female","Rent","Single","Close",22177,0,"Low",12,50.7
"Old","Female","Rent","Married","Close",103289,0,"None",24,267.8
"Young","Female","Own","Single","Far",76458,3,"None",12,101.1
"Old","Male","Own","Married","Close",80771,1,"Medium",12,69.7
"Old","Female","Rent","Single","Far",23858,0,"Low",12,142
"Middle","Male","Rent","Married","Far",71968,1,"None",6,162.5
"Old","Male","Own","Married","Far",45319,0,"Medium",12,104.7
"Old","Female","Own","Married","Close",80516,0,"High",18,256.1
"Young","Male","Rent","Single","Far",32591,2,"Low",24,57.3
"Middle","Male","Rent","Married","Close",105220,0,"High",24,283
"Young","Male","Rent","Married","Far",59778,3,"Medium",24,165.8
"Old","Female","Own","Single","Close",79484,0,"Medium",24,112.9
"Young","Female","Own","Married","Far",366574,0,"None",6,75.1
"Young","Female","Rent","Single","Close",30051,3,"None",24,87.4
"Young","Male","Own","Single","Close",48166,0,"Medium",18,71.1
"Young","Female","Rent","Married","Close",83340,0,"High",24,179.2
"Old","Male","Own","Married","Close",119900,0,"High",12,183.4
"Young","Male","Rent","Single","Far",21114,0,"None",24,103.7
"Middle","Female","Rent","Married","Close",86684,1,"Medium",18,122.1
"Middle","Male","Own","Married","Far",433099,3,"High",18,215.4
"Old","Male","Rent","Married","Far",920150,0,"None",18,251.4
"Middle","Female","Own","Single","Close",103448,3,"Low",18,45.6
"Middle","Male","Own","Married","Close",244669,0,"High",24,173
"Young","Female","Rent","Married","Close",129568,0,"Low",18,42.8
"Young","Female","Rent","Single","Far",32062,1,"Low",6,465.9
"Young","Male","Rent","Single","Close",56530,0,"Low",24,77.6
"Old","Male","Rent","Single","Close",167550,0,"Low",6,54.3
"Old","Female","Rent","Single","Close",21748,1,"Low",24,78.5
"Old","Male","Own","Single","Close",72243,0,"High",18,153.9
"Middle","Female","Own","Married","Close",127772,1,"High",24,260.7
"Young","Female","Rent","Single","Far",25977,1,"Low",24,113
"Middle","Male","Own","Single","Close",64239,2,"Low",18,112.2
"Old","Male","Rent","Married","Close",96416,0,"High",18,229.8
"Young","Male","Rent","Single","Close",48552,1,"None",6,64.7
"Young","Female","Rent","Single","Close",90523,0,"Low",18,55.8
"Young","Female","Rent","Single","Close",19384,3,"Low",12,24.2
"Middle","Male","Rent","Single","Close",56890,0,"None",24,103.9
"Middle","Female","Rent","Married","Close",119595,1,"None",24,214
"Middle","Male","Own","Married","Close",108239,3,"Low",12,41.5
"Middle","Male","Own","Married","Close",104752,0,"None",12,172
"Middle","Male","Own","Married","Far",112195,2,"High",24,266.8
"Old","Male","Own","Single","Far",73554,0,"High",24,336.7
"Young","Female","Rent","Single","Close",43830,1,"Low",12,27.5
"Middle","Male","Own","Married","Close",114358,3,"Low",12,76.6
"Young","Female","Own","Married","Close",97383,0,"High",12,172.3
"Middle","Male","Rent","Married","Close",90419,1,"High",18,197.7
"Young","Female","Rent","Single","Far",21253,0,"Low",6,32.3
"Middle","Male","Own","Married","Close",118074,0,"None",6,77.7
"Middle","Male","Own","Married","Close",99563,1,"High",18,138.4
"Old","Female","Own","Married","Close",108719,0,"High",24,344.3
"Young","Male","Rent","Single","Close",48185,1,"None",24,48.3
"Middle","Female","Own","Single","Far",54994,0,"High",6,97.7
"Young","Female","Rent","Single","Close",36388,1,"Low",6,46.7
"Young","Female","Rent","Married","Far",38834,1,"None",18,134.8
"Middle","Male","Own","Married","Close",109357,0,"High",24,256.4
"Middle","Female","Own","Married","Close",112762,2,"Medium",12,164.5
"Middle","Male","Own","Married","Close",115553,2,"Medium",12,186.9
"Middle","Female","Own","Married","Close",70539,2,"Medium",24,99.5
"Old","Female","Own","Single","Close",48916,0,"None",12,166.6
"Old","Female","Own","Single","Close",315863,0,"Medium",12,125.1
"Middle","Female","Own","Married","Far",88121,0,"High",24,292.9
"Middle","Female","Rent","Single","Close",50700,0,"Medium",12,91.8
"Young","Male","Rent","Single","Far",46350,0,"None",12,66.4
"Young","Female","Rent","Single","Close",87804,1,"Low",6,32.4
"Middle","Female","Own","Married","Close",76258,1,"None",6,90
"Young","Male","Rent","Married","Close",62119,0,"Medium",12,325.2
"Old","Male","Own","Married","Far",64059,0,"High",24,233.7
"Middle","Male","Own","Married","Close",73971,1,"Medium",12,113.9
"Young","Male","Own","Single","Far",56728,0,"None",12,137.4
"Young","Male","Rent","Married","Far",130107,3,"None",6,133.7
"Middle","Male","Own","Single","Close",67358,1,"None",18,155.3
"Middle","Female","Own","Married","Far",114290,2,"High",18,238.6
"Middle","Female","Rent","Single","Close",41796,0,"None",18,170.1
"Middle","Male","Own","Single","Close",56395,3,"None",6,88.6
"Middle","Male","Rent","Married","Close",113357,2,"Medium",6,70.5
"Middle","Male","Rent","Single","Close",59057,1,"Medium",6,80.4
"Young","Female","Rent","Married","Close",33058,2,"Low",6,26.5
"Young","Male","Rent","Married","Far",56393,1,"Medium",18,141.8
"Old","Male","Own","Married","Close",67408,0,"Medium",18,91.5
"Young","Female","Own","Single","Close",47726,3,"None",12,47
"Middle","Male","Own","Married","Close",129938,1,"None",12,163.5
"Middle","Female","Own","Married","Close",137281,3,"None",6,215.3
"Old","Male","Rent","Single","Close",49198,0,"Medium",12,117.5
"Middle","Female","Own","Married","Far",129985,1,"High",12,263.8
"Young","Female","Rent","Single","Far",183474,2,"None",18,69.1
"Middle","Male","Rent","Married","Close",85240,2,"None",24,237.8
"Old","Female","Own","Single","Close",36740,0,"Medium",18,99.7
"Middle","Male","Own","Single","Close",64858,1,"None",24,263.2
"Middle","Male","Own","Single","Far",84257,0,"None",12,129.5
"Old","Male","Own","Married","Close",138711,0,"High",24,290.4
"Old","Male","Own","Single","Close",60447,1,"Medium",12,94.4
"Middle","Male","Own","Married","Close",110354,1,"High",12,177.4
"Middle","Male","Rent","Single","Far",106395,1,"None",6,114.5
"Young","Female","Rent","Married","Close",44002,1,"Low",6,38.2
"Young","Female","Rent","Single","Close",27961,1,"Low",12,130.1
"Middle","Female","Rent","Married","Close",107978,2,"Medium",12,131.7
"Middle","Female","Rent","Single","Close",55356,1,"None",12,95.2
"Old","Male","Own","Married","Close",33434,0,"Low",12,54
"Young","Female","Rent","Single","Close",24781,2,"Low",12,19.9
"Young","Female","Rent","Married","Close",47932,2,"Low",18,295.5
"Young","Male","Rent","Married","Far",47756,3,"None",24,139.7
"Young","Male","Rent","Single","Close",27104,0,"None",6,35.9
"Young","Female","Rent","Married","Close",79677,2,"Medium",6,89.1
"Middle","Male","Rent","Single","Close",70001,0,"High",24,130.4
"Middle","Male","Own","Married","Close",108252,1,"High",24,262.1
"Middle","Female","Own","Married","Close",62309,3,"None",18,101.6
"Middle","Male","Own","Single","Close",67206,0,"None",24,226.4
"Young","Male","Rent","Married","Far",51804,0,"High",24,212.5
"Middle","Male","Own","Single","Close",81047,1,"Medium",12,135.4
"Young","Female","Rent","Single","Close",34701,1,"None",24,127.9
"Middle","Female","Rent","Single","Close",50548,0,"Medium",12,101.6
"Young","Male","Rent","Single","Close",17606,2,"None",12,74.3
"Middle","Female","Own","Married","Close",78292,2,"Medium",24,91.2
"Young","Female","Own","Single","Far",50769,2,"Medium",12,67.1
"Old","Female","Own","Married","Far",84644,0,"High",18,347.9
"Middle","Male","Own","Married","Close",91069,0,"High",6,98.7
"Middle","Male","Own","Single","Far",86373,2,"High",18,250.6
"Middle","Male","Own","Married","Close",93220,2,"Medium",24,114
"Middle","Male","Rent","Married","Far",167006,3,"High",18,385.1
"Young","Male","Own","Single","Close",38133,0,"Medium",6,69.4
"Middle","Female","Own","Single","Close",59595,3,"None",6,59.6
"Old","Male","Own","Married","Far",22943,0,"Low",6,36.7
"Middle","Male","Own","Married","Close",85965,0,"None",6,178.8
"Young","Female","Rent","Single","Close",40550,3,"Low",6,16.3
"Middle","Female","Own","Married","Close",569491,2,"Medium",18,74.5
"Middle","Female","Own","Married","Close",107622,0,"High",24,243.3
"Old","Female","Rent","Married","Far",93550,0,"High",18,377.2
"Middle","Female","Own","Married","Close",93962,0,"High",18,231.2
"Middle","Female","Own","Single","Close",59216,1,"Medium",12,105
"Middle","Male","Rent","Single","Close",57779,3,"Low",24,40.8
"Old","Male","Own","Married","Close",81138,0,"High",18,211.8
"Middle","Female","Rent","Married","Close",79429,1,"Medium",6,60.6
"Middle","Male","Own","Married","Close",124789,1,"High",24,311.5
"Middle","Male","Own","Single","Close",71086,3,"Low",6,123
"Middle","Female","Rent","Married","Close",84966,2,"Medium",12,120.4
"Middle","Male","Own","Married","Far",110197,1,"High",24,279.2
"Middle","Female","Own","Married","Close",123229,0,"High",18,208.4
"Middle","Male","Own","Married","Far",93310,1,"None",12,132.1
"Middle","Male","Own","Married","Close",104773,1,"High",12,114.5
"Young","Female","Rent","Single","Close",18322,3,"None",6,60
"Middle","Male","Own","Married","Close",120342,2,"None",18,414.9
"Old","Female","Own","Single","Far",31845,1,"Low",6,43.5
"Middle","Female","Rent","Married","Close",52154,0,"Medium",24,133.8
"Middle","Female","Rent","Single","Close",59015,2,"None",12,205
"Middle","Male","Rent","Married","Close",158339,2,"None",12,228.2
"Young","Female","Rent","Single","Close",24681,1,"Low",6,15.3
"Young","Male","Rent","Married","Close",43017,0,"None",6,298.1
"Old","Male","Own","Married","Close",71748,0,"High",12,115.4
"Young","Female","Own","Single","Close",43647,1,"None",6,71.7
"Middle","Male","Own","Married","Far",87014,1,"None",6,149
"Middle","Female","Own","Single","Close",53692,1,"Medium",24,73.1
"Middle","Female","Rent","Married","Close",50253,2,"Low",18,68.7
"Old","Male","Own","Single","Close",91907,0,"High",12,155.2
"Young","Female","Rent","Single","Close",28812,1,"None",6,54.8
"Middle","Female","Rent","Married","Far",88742,1,"High",12,189.1
"Middle","Female","Rent","Married","Close",63151,0,"Medium",24,165.7
"Old","Female","Own","Single","Close",46011,0,"Medium",12,70.1
"Young","Female","Rent","Single","Close",18264,0,"Low",12,42.7
"Young","Male","Rent","Married","Close",100353,1,"Medium",12,116.6
"Young","Male","Rent","Single","Close",20514,3,"None",6,51.3
"Old","Male","Own","Married","Close",154806,0,"High",24,374.7
"Old","Female","Rent","Married","Far",70200,0,"High",18,244.8
"Middle","Female","Own","Single","Far",41623,2,"Medium",18,96.8
"Middle","Male","Own","Married","Close",87283,0,"High",6,155.6
"Old","Male","Own","Married","Close",62014,0,"None",24,209.8
"Old","Female","Rent","Single","Close",43801,1,"None",6,69.1
"Young","Female","Rent","Single","Far",24528,1,"Low",6,103.9
"Young","Male","Rent","Single","Close",30142,0,"Low",6,34.1
"Middle","Male","Own","Married","Far",71015,1,"High",24,171
"Middle","Male","Own","Married","Close",82769,2,"Medium",18,94.8
"Young","Male","Own","Married","Close",64767,0,"Medium",18,152.7
"Old","Female","Own","Married","Far",29467,0,"None",12,52.3
"Old","Female","Own","Married","Close",16200,1,"Low",6,20.9
"Young","Male","Rent","Single","Close",48006,0,"Low",18,39
"Middle","Female","Own","Married","Close",67829,1,"None",6,167.3
"Young","Female","Rent","Single","Far",26553,2,"Low",6,42.7
"Middle","Male","Own","Married","Far",98026,0,"High",24,321.3
"Middle","Male","Own","Married","Far",123278,1,"High",18,523.3
"Middle","Male","Own","Married","Far",125603,2,"None",12,402.9
"Middle","Male","Own","Married","Close",114003,1,"None",24,220.3
"Young","Male","Rent","Single","Close",18497,0,"None",6,39.1
"Young","Female","Rent","Married","Far",36340,0,"Medium",12,1000
"Middle","Female","Own","Single","Close",50740,1,"Medium",12,549.3
"Middle","Male","Own","Married","Close",125903,0,"High",18,376.3
"Old","Male","Own","Married","Close",59931,0,"Medium",24,132.9
"Middle","Male","Rent","Single","Far",102729,1,"None",6,150.5
"Middle","Male","Own","Single","Close",90153,0,"None",6,175.9
"Old","Male","Own","Married","Far",103881,0,"High",24,288.6
"Young","Male","Rent","Single","Far",37167,2,"None",6,25.8
"Middle","Female","Rent","Single","Far",50057,3,"Low",18,108.1
"Middle","Male","Own","Married","Close",106591,0,"High",6,614.3
"Young","Female","Rent","Married","Close",86361,1,"None",18,168.7
"Middle","Female","Rent","Married","Close",162866,1,"High",18,167.9
"Middle","Male","Own","Married","Close",109489,1,"None",12,311.3
"Young","Male","Rent","Single","Close",32319,0,"Low",12,40.4
"Middle","Male","Rent","Single","Close",86333,0,"High",24,211.5
"Young","Female","Rent","Single","Close",64253,3,"None",6,28
"Middle","Male","Own","Single","Close",51508,2,"Low",6,32.2
"Young","Female","Rent","Single","Close",42889,1,"None",12,67.1
"Middle","Male","Rent","Single","Far",227930,1,"Medium",12,88.8
"Old","Female","Own","Married","Close",86734,0,"High",12,156.6
"Young","Male","Rent","Single","Close",21769,0,"Low",6,31.6
"Young","Female","Rent","Single","Far",34721,2,"None",24,84.5
"Old","Male","Own","Married","Close",86505,0,"None",12,181.9
"Old","Male","Own","Married","Far",55440,0,"High",24,208.4
"Old","Female","Own","Single","Far",267493,0,"Medium",24,134.7
"Old","Female","Own","Single","Close",42190,0,"None",12,199.8
"Young","Female","Rent","Single","Close",46411,0,"None",18,38.2
"Middle","Male","Own","Married","Close",122059,1,"High",6,162.2
"Young","Female","Rent","Single","Far",71122,2,"Low",6,78.7
"Middle","Male","Own","Single","Close",68977,3,"Low",12,27
"Middle","Male","Own","Single","Far",75442,1,"None",18,99.2
"Middle","Male","Own","Married","Close",641684,0,"High",18,135.8
"Middle","Male","Own","Single","Close",58289,1,"None",24,1000
"Middle","Male","Own","Married","Close",81433,0,"High",12,127.9
"Middle","Female","Own","Single","Close",53444,1,"Medium",12,92.4
"Middle","Female","Own","Single","Close",68501,0,"None",12,122.5
"Middle","Male","Own","Single","Close",70708,0,"Medium",18,192.3
"Middle","Female","Rent","Single","Close",40888,2,"Low",6,64.8
"Middle","Male","Rent","Single","Close",39569,1,"Low",18,73.2
"Middle","Male","Own","Married","Close",236832,0,"None",12,153.9
"Middle","Female","Own","Married","Close",150909,1,"High",6,210.9
"Young","Male","Rent","Single","Close",451400,1,"None",12,64.7
"Middle","Female","Own","Married","Far",114580,3,"High",18,277.1
"Middle","Female","Rent","Single","Close",52114,3,"Low",24,54
"Old","Female","Rent","Single","Far",25157,0,"Low",6,92.2
"Middle","Male","Own","Single","Far",72432,1,"High",18,114.5
"Old","Female","Own","Married","Close",82278,0,"High",12,204.2
"Old","Male","Rent","Married","Close",65176,0,"Medium",6,105.3
"Young","Male","Own","Single","Close",54573,0,"None",12,64.1
"Middle","Female","Rent","Married","Close",73926,0,"None",6,180
"Middle","Female","Rent","Single","Close",64918,2,"Low",6,29.3
"Middle","Male","Own","Married","Close",90725,0,"High",24,340.1
"Middle","Male","Rent","Single","Close",147122,0,"Medium",12,146
"Young","Female","Rent","Single","Close",634935,0,"Low",12,40.3
"Middle","Male","Own","Single","Close",55936,0,"None",6,79.3
"Old","Male","Own","Married","Close",114187,0,"High",12,192.8
"Middle","Female","Rent","Married","Close",66447,2,"Low",6,72.6
"Old","Female","Own","Married","Far",90044,0,"High",18,334
"Young","Male","Rent","Married","Far",31920,0,"Medium",12,66
"Middle","Male","Own","Married","Close",78410,1,"None",18,221.5
"Middle","Male","Own","Married","Close",112053,0,"None",12,156
"Middle","Female","Own","Married","Close",77532,2,"Medium",18,77.2
"Old","Female","Own","Married","Far",87449,0,"High",18,229.9
"Middle","Female","Own","Single","Far",76084,3,"None",6,108.7
"Young","Female","Rent","Single","Close",24818,1,"Low",6,30.6
"Middle","Female","Own","Married","Close",111096,1,"High",6,187.5
"Middle","Female","Own","Single","Close",131822,2,"Low",12,100.1
"Young","Male","Rent","Single","Close",35447,1,"Low",12,36.1
"Young","Male","Rent","Married","Far",85324,1,"None",6,133.9
"Young","Female","Rent","Single","Close",21657,0,"Low",6,28.1
"Middle","Female","Own","Single","Close",108501,0,"Medium",12,115.1
"Middle","Male","Rent","Single","Close",1564337,0,"Medium",18,152.3
"Middle","Female","Own","Single","Close",67778,2,"Low",6,29.4
"Middle","Male","Rent","Single","Far",188264,0,"High",24,253
"Middle","Female","Rent","Married","Far",92389,1,"High",18,233.4
"Middle","Male","Own","Married","Close",77864,2,"None",12,123.7
"Young","Male","Rent","Married","Close",52248,0,"Medium",18,113.5
"Old","Female","Own","Single","Close",42994,0,"Medium",12,55
"Young","Female","Rent","Single","Close",16125,2,"None",18,46.7
"Middle","Male","Own","Single","Close",69481,0,"None",18,188.5
"Middle","Male","Own","Married","Close",96118,1,"None",18,255.1
"Middle","Female","Own","Married","Far",95781,1,"High",18,282.2
"Middle","Male","Rent","Married","Close",92839,0,"High",18,190.9
"Young","Female","Rent","Single","Close",27734,1,"Low",6,28.6
"Old","Female","Own","Single","Close",32915,0,"Low",6,22.8
"Middle","Female","Rent","Married","Close",91783,2,"None",6,113.8
"Young","Male","Rent","Married","Close",57206,0,"Medium",24,120.8
"Middle","Female","Own","Single","Close",48640,1,"None",18,1000
"Middle","Male","Own","Married","Close",84008,1,"Medium",24,311.7
"Middle","Male","Own","Married","Far",136753,1,"High",24,614.9
"Middle","Male","Own","Single","Close",61806,3,"Low",6,39
"Middle","Male","Own","Married","Close",94847,0,"High",24,219.6
"Middle","Male","Own","Single","Close",110492,0,"Medium",18,170.5
"Young","Female","Rent","Married","Close",89599,0,"None",6,123.8
"Middle","Female","Own","Married","Close",116058,3,"Low",12,46.4
"Young","Male","Rent","Single","Close",49232,0,"None",12,71.2
"Middle","Male","Rent","Single","Close",67166,0,"Medium",12,116.7
"Old","Female","Own","Married","Close",124940,0,"High",18,234.5
"Middle","Female","Own","Married","Close",84576,3,"Low",6,29.1
"Old","Female","Rent","Single","Far",30828,0,"None",24,58
"Middle","Male","Rent","Single","Close",61848,0,"None",18,92.6
"Old","Female","Own","Single","Close",29617,0,"Low",6,30.1
"Young","Male","Rent","Single","Close",30136,0,"Low",12,58.2
"Young","Male","Rent","Married","Close",85785,2,"Low",12,85.8
"Middle","Male","Own","Married","Close",140231,2,"Medium",12,88.6
"Middle","Male","Own","Married","Close",147166,2,"Medium",24,218.1
"Old","Male","Own","Single","Close",67646,0,"None",24,156
"Middle","Female","Own","Married","Close",99602,2,"Medium",6,59.1
"Middle","Male","Own","Married","Close",75740,1,"Medium",18,151.6
"Middle","Male","Own","Single","Close",78541,2,"Medium",24,103
"Old","Female","Own","Married","Close",82003,0,"High",6,82.4
"Old","Female","Rent","Single","Close",28699,0,"Low",6,61.8
"Old","Male","Rent","Single","Close",38378,1,"Low",12,58.9
"Middle","Female","Own","Married","Close",72571,3,"None",24,222.5
"Old","Female","Own","Single","Close",30145,0,"Low",6,81.1
"Middle","Male","Own","Married","Close",77672,3,"Low",12,34.6
"Old","Female","Rent","Married","Far",166508,0,"High",24,317
"Young","Female","Rent","Single","Close",40814,2,"None",6,33.7
"Young","Male","Rent","Married","Close",61700,0,"None",24,171.5
"Old","Female","Own","Single","Far",45281,0,"Medium",12,86.1
"Young","Female","Rent","Single","Close",25831,2,"Low",18,23.4
"Young","Female","Rent","Single","Close",39989,2,"Low",24,33.2
"Middle","Female","Rent","Married","Close",78859,0,"High",24,335.1
"Middle","Male","Own","Single","Far",74495,0,"High",18,185.8
"Young","Female","Rent","Single","Close",31042,3,"Low",6,23.9
"Old","Male","Own","Married","Close",53792,0,"Medium",24,181
"Young","Female","Own","Single","Close",21994,0,"Low",6,39.7
"Middle","Male","Own","Married","Close",147243,3,"Medium",12,107.5
"Middle","Male","Own","Married","Close",97892,0,"High",24,381.6
"Old","Male","Own","Married","Close",10336441,0,"High",24,296.1
"Young","Male","Rent","Single","Far",63486,0,"None",6,36.3
"Middle","Male","Own","Married","Close",111254,0,"High",12,165.7
"Young","Female","Rent","Single","Close",20653,2,"None",12,39.5
"Young","Male","Rent","Single","Close",59857,1,"Low",12,44.1
"Middle","Male","Own","Married","Close",113075,1,"High",18,133.5
"Young","Male","Rent","Single","Far",38645,1,"None",18,104.7
"Young","Male","Rent","Single","Far",143137,1,"Low",12,49.1
"Middle","Female","Rent","Single","Close",67923,1,"Medium",12,100.9
"Middle","Female","Rent","Single","Close",48603,3,"Low",18,55.8
"Middle","Male","Own","Married","Close",116063,3,"Low",12,76.8
"Young","Male","Rent","Single","Close",28079,0,"None",12,6897
"Young","Male","Rent","Single","Close",44559,2,"Low",12,26.5
"Old","Male","Own","Single","Close",710905,0,"None",6,122
"Old","Female","Rent","Married","Close",43563,0,"Medium",6,59.5
"Middle","Female","Rent","Single","Close",45286,1,"Low",12,66.6
"Young","Female","Own","Single","Close",28093,2,"None",12,65.9
"Old","Female","Own","Married","Close",72537,0,"High",24,159.5
"Middle","Female","Own","Married","Close",104232,1,"High",12,134.1
"Middle","Male","Rent","Married","Far",68676,0,"High",18,253.9
"Young","Female","Own","Single","Far",44365,0,"None",12,109.9
"Middle","Female","Rent","Single","Far",114127,1,"None",18,238.1
"Old","Female","Own","Single","Close",34326,0,"None",12,31.4
"Old","Female","Own","Married","Far",27083,2,"Low",12,24.9
"Middle","Male","Rent","Single","Close",55870,3,"Low",6,32.6
"Young","Female","Rent","Single","Close",41908,3,"Low",6,13
"Young","Female","Rent","Single","Close",35686,1,"Low",18,28
"Old","Female","Own","Single","Close",40065,0,"Low",6,49.4
"Middle","Male","Own","Married","Close",103202,3,"None",24,280.5
"Middle","Female","Rent","Single","Close",42904,1,"Low",6,45.1
"Old","Female","Own","Single","Close",28045,0,"Low",6,199.1
"Young","Male","Rent","Married","Close",53529,0,"None",24,127.3
"Middle","Male","Own","Married","Close",98334,2,"Medium",6,108.3
"Middle","Male","Own","Married","Far",99091,2,"High",24,285.2
"Old","Female","Own","Married","Close",60254,0,"Medium",24,152.5
"Middle","Male","Own","Single","Close",84916,2,"None",18,287.3
"Young","Female","Rent","Single","Close",30482,2,"Low",18,1000
"Middle","Female","Own","Married","Close",77294,1,"Medium",12,86.4
"Middle","Male","Own","Single","Close",62907,0,"Medium",12,105.4
"Middle","Female","Own","Married","Close",94030,1,"None",18,167.8
"Middle","Male","Own","Married","Far",173292,3,"High",24,293
"Old","Female","Own","Single","Close",108042,0,"None",6,70.7
"Young","Female","Rent","Married","Close",83738,3,"Low",12,48.8
"Old","Female","Own","Married","Close",72103,0,"None",18,193
"Old","Male","Own","Single","Close",49964,0,"None",24,157.4
"Middle","Male","Own","Married","Far",108232,0,"None",18,318.8
"Middle","Male","Own","Single","Close",94148,0,"None",6,139.6
"Middle","Female","Own","Married","Close",80908,0,"None",12,162
"Young","Female","Rent","Married","Far",61108,0,"High",24,255.8
"Middle","Male","Own","Single","Close",82267,0,"High",18,149.7
"Old","Female","Own","Married","Close",222902,0,"High",12,159.8
"Young","Female","Rent","Single","Far",43574,2,"Low",12,39.1
"Young","Female","Rent","Married","Close",126927,1,"Medium",6,71.1
"Middle","Female","Rent","Single","Far",63176,0,"High",12,138.8
"Young","Male","Own","Married","Close",78329,0,"None",6,176.2
"Young","Male","Own","Single","Close",35113,3,"None",12,68.3
"Middle","Male","Rent","Married","Close",104373,1,"None",6,177
"Old","Female","Rent","Single","Far",18993,0,"Low",6,25.8
"Young","Male","Rent","Married","Close",69729,3,"Low",6,31
"Middle","Male","Own","Married","Close",82163,2,"Medium",6,74.4
"Young","Female","Own","Single","Close",39139,3,"None",12,82.2
"Old","Male","Rent","Married","Close",117693,0,"High",6,98.4
"Old","Female","Rent","Married","Close",48225,0,"Medium",18,187.1
"Old","Female","Own","Married","Close",56742,0,"Medium",12,121
"Middle","Male","Rent","Single","Close",125405,1,"Medium",12,119.6
"Young","Male","Rent","Single","Close",34690,2,"Low",12,27
"Young","Male","Rent","Single","Close",23682,0,"None",6,34.8
"Middle","Male","Rent","Married","Far",99786,1,"High",24,251.4
"Middle","Male","Own","Married","Close",105828,0,"High",24,344.6
"Young","Male","Rent","Single","Close",23242,0,"Low",18,186.2
"Young","Female","Rent","Married","Far",57584,1,"Medium",12,133.4
"Middle","Male","Own","Married","Close",118541,1,"High",24,197.1
"Middle","Male","Own","Married","Close",66870,3,"Low",12,55.6
"Middle","Female","Own","Single","Close",49375,1,"None",24,143.8
"Middle","Male","Rent","Married","Close",128836,3,"Low",12,54.8
"Young","Male","Rent","Single","Close",24042,0,"Low",12,43.6
"Middle","Male","Rent","Single","Far",55688,1,"None",6,150.4
"Old","Female","Own","Single","Close",108085,0,"Medium",18,149.2
"Young","Female","Rent","Single","Far",28619,2,"Low",12,28.7
"Middle","Female","Own","Married","Close",81240,1,"None",6,72.7
"Young","Female","Rent","Single","Far",27354,1,"Low",12,152.1
"Middle","Male","Rent","Married","Close",81925,3,"Low",6,28.3
"Middle","Male","Rent","Single","Close",75690,0,"High",6,85.5
"Young","Female","Rent","Single","Far",21583,1,"None",18,42.6
"Middle","Female","Rent","Married","Close",102860,3,"Low",6,46.6
"Old","Female","Own","Married","Far",66687,0,"Medium",18,196.1
"Old","Female","Own","Single","Close",40149,0,"Low",6,527.3
"Young","Female","Rent","Single","Close",1075393,0,"None",6,33.8
"Young","Male","Rent","Single","Close",24467,0,"Low",12,35.4
"Middle","Male","Own","Married","Close",120060,1,"High",24,245.2
"Young","Female","Rent","Single","Far",34925,0,"Medium",24,99.7
"Middle","Male","Rent","Married","Close",44446,2,"Low",6,34.1
"Middle","Male","Rent","Single","Close",60947,0,"None",18,147.1
"Old","Male","Own","Married","Close",117237,0,"None",18,244.2
"Young","Female","Rent","Single","Close",28710,1,"Low",6,42.4
"Middle","Male","Own","Single","Close",76042,3,"None",12,142.7
"Young","Male","Rent","Single","Close",28193,0,"None",12,75.3
"Young","Female","Rent","Single","Close",27231,2,"None",6,46.4
"Young","Male","Rent","Single","Close",51588,1,"Low",24,61.2
"Middle","Male","Own","Married","Close",70740,2,"Medium",12,67.4
"Middle","Male","Rent","Single","Close",85968,0,"Medium",6,115.6
"Middle","Male","Own","Married","Far",95832,0,"High",24,526.8
"Young","Female","Rent","Single","Far",38925,1,"None",12,52.2
"Middle","Male","Own","Married","Close",2118620,0,"High",24,165.5
"Middle","Female","Rent","Single","Far",41753,3,"None",24,149.3
"Young","Female","Rent","Single","Close",54583,1,"None",6,45.4
"Middle","Male","Own","Single","Close",64578,3,"Low",18,49
"Middle","Female","Rent","Single","Close",66677,1,"Medium",6,83.5
"Young","Female","Own","Married","Far",60986,1,"None",6,84.2
"Young","Female","Rent","Single","Far",41084,2,"None",24,60.3
"Old","Female","Own","Married","Far",89627,0,"High",24,402.5
"Old","Female","Own","Married","Close",111783,0,"High",6,96.8
"Middle","Female","Own","Married","Close",100762,1,"None",12,157.5
"Middle","Male","Own","Married","Far",73576,3,"None",6,101.2
"Middle","Male","Own","Single","Close",136243,0,"High",12,122.8
"Young","Male","Rent","Married","Far",73474,3,"None",6,149.5
"Young","Male","Rent","Married","Far",57402,0,"None",12,171.9
"Young","Male","Rent","Married","Far",60507,0,"None",12,330.9
"Middle","Female","Own","Single","Close",59727,2,"Low",6,86.5
"Young","Female","Own","Single","Close",27554,1,"Low",12,41.2
"Young","Female","Own","Single","Far",49977,0,"None",12,41.6
"Middle","Male","Own","Married","Close",105854,2,"Medium",12,123.3
"Old","Female","Rent","Single","Far",23483,0,"Low",6,76.6
"Young","Female","Rent","Single","Close",18647,3,"None",12,31.7
"Young","Female","Rent","Single","Close",17109,2,"Low",12,1180
"Middle","Female","Own","Single","Close",56907,1,"None",18,167.7
"Young","Female","Own","Single","Close",40504,2,"Low",18,166.9
"Middle","Male","Own","Married","Close",126099,1,"None",12,255.9
"Young","Female","Own","Single","Far",40494,1,"None",12,74.1
"Old","Male","Rent","Married","Far",192879,0,"None",12,49.1
"Middle","Male","Own","Married","Close",107801,1,"High",24,232.2
"Middle","Female","Rent","Married","Far",196526,3,"Medium",24,79.4
"Middle","Male","Own","Married","Close",82545,1,"None",12,176.1
"Middle","Female","Own","Married","Close",58600,2,"Low",18,67.5
"Middle","Female","Rent","Married","Close",351987,2,"Medium",12,118.1
"Middle","Male","Rent","Single","Close",56624,0,"Medium",12,91.4
"Young","Male","Rent","Single","Close",52764,0,"Low",18,119.7
"Middle","Female","Own","Single","Close",73300,2,"None",12,140.1
"Middle","Female","Own","Married","Close",92617,2,"Medium",18,94.9
"Young","Female","Rent","Single","Far",21716,3,"Low",18,26.6
"Middle","Female","Own","Married","Close",119904,1,"None",12,241.9
"Middle","Female","Rent","Single","Close",63963,1,"Low",24,69.4
"Young","Male","Rent","Single","Far",19290,0,"Low",24,56.7
"Middle","Male","Own","Married","Close",88682,3,"None",18,226.2
"Young","Female","Rent","Single","Close",24261,1,"Low",12,30.9
"Middle","Male","Rent","Single","Close",66483,0,"Medium",24,124.2
"Old","Female","Own","Married","Close",57709,1,"Medium",12,72.7
"Middle","Male","Rent","Married","Far",73605,2,"None",24,306.9
"Middle","Female","Own","Single","Close",52939,0,"None",24,155.2
"Old","Female","Own","Married","Far",76051,0,"Medium",12,145.1
"Old","Male","Own","Married","Close",94158,0,"None",12,161.8
"Old","Male","Rent","Married","Close",41459,0,"Medium",12,107.8
"Young","Female","Rent","Married","Close",78295,1,"None",18,167.8
"Old","Female","Own","Married","Far",90107,0,"None",12,214
"Middle","Male","Rent","Single","Close",84155,0,"Medium",24,180.3
"Young","Male","Rent","Married","Close",51843,0,"Medium",18,110.2
"Old","Female","Own","Single","Close",231161,0,"Low",18,112.6
"Young","Female","Rent","Single","Close",25273,1,"Low",12,39.9
"Old","Male","Own","Married","Far",91925,0,"High",24,274.8
"Old","Female","Rent","Single","Close",60535,0,"Medium",24,98.1
"Middle","Male","Own","Married","Close",114896,0,"High",24,282.6
"Middle","Female","Own","Single","Far",333067,2,"Medium",12,142.5
"Middle","Female","Rent","Single","Far",43883,2,"None",12,125.9
"Young","Female","Rent","Single","Close",76779,2,"Low",12,23.6
"Middle","Male","Own","Married","Close",80485,1,"None",12,162.6
"Young","Male","Rent","Married","Close",60457,1,"Medium",18,112.1
"Middle","Male","Rent","Single","Close",63753,0,"Medium",24,142.3
"Middle","Male","Rent","Single","Far",65002,2,"None",6,170.2
"Middle","Male","Rent","Single","Far",60247,0,"High",12,187.9
"Middle","Female","Own","Married","Close",136655,3,"None",6,292
"Middle","Male","Rent","Single","Far",59126,0,"High",24,215.1
"Young","Male","Rent","Married","Close",44200,1,"Low",6,39.3
"Young","Male","Rent","Single","Far",29970,1,"None",12,87.6
"Young","Male","Rent","Married","Close",71350,3,"Low",12,43.5
"Young","Female","Rent","Single","Far",23635,1,"None",24,44.6
"Young","Female","Rent","Single","Close",65157,2,"Low",18,22.3
"Old","Female","Own","Single","Far",42684,0,"Medium",24,99
"Old","Male","Own","Single","Close",59618,0,"Medium",6,75.1
"Young","Female","Rent","Single","Close",45475,3,"None",6,23.7
"Middle","Male","Rent","Single","Close",71832,0,"None",12,208.7
"Middle","Male","Rent","Single","Far",44437,1,"Medium",18,145.1
"Middle","Female","Rent","Single","Far",99279,1,"Medium",18,176.6
"Middle","Male","Own","Married","Far",86334,1,"High",6,197
"Young","Female","Rent","Single","Close",29729,3,"None",6,71.5
"Middle","Male","Rent","Single","Close",60439,2,"None",6,133.5
"Old","Female","Own","Married","Far",76521,0,"High",18,267.9
"Middle","Male","Own","Married","Close",113974,2,"Medium",24,133.3
"Middle","Female","Rent","Married","Close",117385,1,"None",24,128.6
"Young","Male","Rent","Single","Close",15559,0,"None",24,48.2
"Young","Female","Own","Single","Far",73163,1,"Medium",12,1499.6
"Middle","Female","Rent","Single","Close",226477,1,"Low",12,50.1
"Middle","Male","Rent","Married","Far",77830,3,"Medium",18,186.3
"Middle","Male","Rent","Single","Far",115595,1,"Medium",24,143.4
"Old","Male","Own","Married","Far",80780,0,"None",18,154
"Middle","Female","Own","Single","Close",65899,1,"None",12,195.4
"Old","Male","Rent","Single","Close",41698,0,"Medium",24,85
"Old","Female","Own","Married","Close",97556,0,"High",18,165.1
"Young","Male","Rent","Single","Far",23686,1,"None",12,170.8
"Middle","Male","Own","Married","Close",111767,0,"None",12,182.4
"Young","Female","Rent","Married","Close",169984,3,"Low",6,41.5
"Middle","Male","Rent","Married","Close",123868,0,"High",12,269.7
"Young","Female","Own","Single","Far",36683,2,"Low",24,61
"Middle","Male","Rent","Single","Close",104769,1,"None",6,47.2
"Middle","Male","Rent","Single","Close",52482,0,"Medium",12,85.6
"Young","Female","Rent","Married","Close",65403,2,"Low",24,75.9
"Middle","Female","Rent","Single","Close",34325,1,"Low",6,34.8
"Middle","Male","Rent","Married","Close",89573,2,"Medium",18,89.6
"Middle","Male","Own","Married","Close",128485,1,"None",18,505.4
"Young","Female","Rent","Single","Close",19726,2,"Low",18,30.2
"Middle","Male","Own","Married","Far",87532,0,"None",18,252.1
"Middle","Male","Own","Single","Close",73867,0,"None",24,263.5
"Young","Male","Rent","Single","Far",28336,0,"Low",6,64.9
"Middle","Female","Rent","Single","Close",101367,0,"None",12,61.7
"Middle","Male","Own","Married","Far",85134,1,"High",24,347.4
"Middle","Male","Own","Single","Close",57948,2,"Low",12,51.4
"Old","Female","Own","Married","Close",63413,0,"Medium",6,74.8
"Old","Male","Own","Married","Far",99804,0,"High",24,210.2
"Old","Female","Rent","Single","Close",46017,0,"Medium",12,65.4
"Middle","Female","Own","Single","Far",68004,1,"High",18,169.3
"Young","Female","Rent","Single","Close",39899,2,"None",6,58.6
"Young","Male","Rent","Single","Far",32828,0,"Medium",18,100.5
"Old","Female","Own","Married","Close",33106,0,"Low",18,54.1
"Old","Female","Rent","Married","Close",75221,0,"High",18,181.9
"Young","Female","Rent","Single","Far",36150,2,"Low",12,58.3
"Middle","Female","Rent","Married","Close",71447,0,"Medium",24,166.6
"Old","Female","Own","Married","Close",137153,0,"High",12,203.9
"Old","Male","Own","Married","Close",133032,0,"High",18,416.8
"Middle","Female","Own","Single","Close",83449,0,"None",18,381.7
"Middle","Male","Rent","Single","Close",121737,1,"Low",6,55.3
"Old","Female","Rent","Single","Close",25286,0,"None",12,33.5
"Middle","Male","Rent","Single","Close",115793,0,"High",12,162.4
"Middle","Male","Own","Married","Close",123208,0,"High",18,185.5
"Young","Male","Rent","Married","Close",46986,3,"None",24,186.4
"Middle","Female","Own","Married","Close",78665,2,"None",12,157.1
"Young","Male","Own","Married","Close",72489,0,"High",24,148.8
"Old","Female","Own","Single","Close",41393,0,"None",12,166.2
"Young","Male","Rent","Single","Close",38653,0,"Low",12,38.5
"Young","Female","Rent","Married","Close",43334,1,"None",18,162.9
"Middle","Female","Own","Married","Close",104662,1,"High",12,193.2
"Old","Female","Rent","Married","Close",44542,0,"Medium",12,123.4
"Old","Male","Own","Married","Close",111312,0,"None",12,484
"Old","Female","Own","Married","Close",116450,0,"High",12,266.1
"Young","Male","Rent","Single","Far",27808,0,"Low",18,101.1
"Young","Female","Rent","Married","Far",45295,1,"None",24,170.6
"Middle","Female","Own","Single","Close",61365,0,"Medium",12,112.9
"Old","Male","Rent","Single","Close",49581,0,"Medium",18,101.4
"Middle","Female","Rent","Married","Close",146662,1,"High",24,283
"Young","Female","Rent","Single","Far",26902,1,"Low",12,72.3
"Middle","Male","Rent","Married","Far",90441,2,"High",24,224
"Middle","Female","Rent","Married","Close",130124,2,"Medium",24,102.1
"Middle","Female","Rent","Married","Close",85836,1,"Medium",12,122.7
"Old","Female","Rent","Single","Far",24925,0,"Low",6,60.9
"Middle","Female","Rent","Single","Close",40348,0,"None",18,153.2
"Old","Male","Own","Married","Far",57302,0,"High",18,263.1
"Young","Male","Rent","Single","Close",40515,1,"None",12,242.6
"Middle","Male","Own","Single","Close",70188,0,"None",6,144.9
"Old","Female","Own","Married","Close",34612,0,"Low",18,573.4
"Middle","Male","Rent","Married","Close",73068,2,"Medium",18,71.3
"Old","Female","Rent","Single","Close",16745,0,"None",24,39.7
"Old","Female","Rent","Married","Close",80390,0,"High",12,102.7
"Middle","Female","Own","Married","Close",113496,1,"High",12,128.4
"Middle","Male","Own","Married","Close",112679,2,"Medium",18,173.8
"Middle","Female","Rent","Married","Close",92849,0,"High",12,170.9
"Middle","Female","Rent","Married","Close",100970,0,"None",24,324.8
"Middle","Male","Rent","Single","Close",58819,1,"Medium",18,116.9
"Middle","Male","Own","Married","Close",104434,0,"High",18,220.7
"Old","Female","Own","Married","Close",128897,0,"High",12,152.8
"Young","Male","Rent","Single","Close",23635,0,"None",18,50.5
"Middle","Male","Own","Married","Close",58702,0,"Medium",6,60.8
"Middle","Male","Own","Single","Far",77495,0,"High",24,1000
"Middle","Female","Rent","Single","Close",19062713,3,"Low",24,1000
"Young","Female","Rent","Single","Close",30762,1,"Low",6,28.1
"Young","Male","Rent","Single","Close",23111,3,"Low",6,145.9
"Middle","Female","Rent","Single","Close",260930,3,"Low",24,30.7
"Old","Female","Own","Married","Close",41687,0,"Low",24,158.5
"Old","Male","Own","Single","Far",67654,0,"High",6,110
"Middle","Female","Own","Married","Close",105923,3,"None",24,296.9
"Middle","Male","Own","Married","Close",122986,2,"Medium",12,103.9
"Old","Male","Own","Married","Close",98024,0,"High",24,329
"Young","Female","Rent","Single","Far",39711,0,"Low",6,31.5
"Old","Female","Own","Single","Close",19280,2,"Low",6,17.7
"Middle","Female","Own","Married","Far",97574,3,"Medium",12,93.3
"Middle","Female","Rent","Married","Far",140143,1,"None",6,238.4
"Old","Female","Rent","Married","Close",301044,0,"High",24,210.7
"Middle","Male","Own","Married","Far",114437,3,"None",12,343.5
"Young","Female","Own","Single","Close",38613,3,"Low",12,34
"Middle","Male","Own","Married","Close",82435,2,"Medium",12,90.3
"Old","Female","Rent","Single","Close",68909,0,"Low",12,187.4
"Young","Female","Rent","Single","Far",18178,1,"Low",6,22.2
"Middle","Male","Rent","Married","Close",167321,1,"High",12,216.1
"Middle","Female","Own","Married","Close",81319,1,"Medium",18,139.3
"Middle","Female","Rent","Single","Close",94354,1,"Medium",24,236.9
"Young","Female","Rent","Single","Close",17417,1,"None",12,29.3
"Middle","Male","Own","Married","Far",149517,0,"High",18,364.8
"Middle","Male","Own","Married","Far",86396,0,"High",6,196.2
"Old","Female","Own","Single","Far",47773,2,"Medium",6,76
"Young","Female","Rent","Married","Close",64194,1,"Medium",6,128.3
"Middle","Male","Own","Single","Far",85740,1,"High",12,249.2
"Middle","Male","Rent","Single","Close",56284,0,"None",6,100.9
"Young","Female","Rent","Single","Close",15933,2,"None",24,164
"Young","Female","Rent","Married","Close",84344,0,"None",12,229.1
"Middle","Female","Rent","Married","Close",100318,1,"High",24,157.6
"Middle","Male","Rent","Single","Far",119578,0,"High",18,169.9
"Middle","Female","Own","Married","Close",132129,1,"High",18,146.6
"Middle","Male","Own","Single","Close",78811,0,"None",12,112.3
"Middle","Male","Own","Married","Close",118420,1,"High",6,93.8
"Middle","Female","Own","Married","Close",88488,3,"Low",12,36.2
"Old","Female","Rent","Married","Close",78813,0,"Medium",12,72.7
"Old","Female","Own","Single","Far",25170,0,"Low",6,65.1
"Old","Female","Own","Married","Close",133823,0,"Medium",12,115.6
"Middle","Male","Own","Single","Far",78489,2,"Medium",18,108.7
"Middle","Male","Own","Single","Far",66613,2,"High",24,135
"Middle","Female","Own","Married","Close",89964,1,"None",18,214.8
"Young","Male","Rent","Single","Far",221789,0,"None",24,68.4
"Young","Female","Rent","Single","Close",31015,1,"None",12,39.1
"Middle","Male","Rent","Single","Far",61265,0,"High",24,209.8
"Middle","Male","Own","Single","Close",87123,1,"Medium",18,122
"Middle","Male","Own","Single","Far",71295,0,"High",12,232.8
"Middle","Male","Rent","Single","Close",1723968,2,"Low",18,187.3
"Old","Female","Own","Single","Close",134096,0,"Medium",24,112.9
"Middle","Female","Rent","Single","Far",65013,2,"Medium",12,138.9
"Middle","Male","Own","Married","Close",895737,1,"High",12,238
"Young","Female","Rent","Married","Close",56831,0,"None",6,70.3
"Middle","Male","Rent","Married","Close",98910,1,"High",24,312.1
"Young","Female","Own","Single","Far",45489,1,"None",24,141.6
"Young","Female","Own","Single","Close",57372,1,"Medium",6,62.2
"Old","Female","Own","Married","Close",111603,0,"High",18,247.7
"Middle","Male","Own","Married","Close",71564,2,"Medium",6,72.9
"Middle","Male","Own","Single","Far",80558,0,"High",24,280.2
"Middle","Male","Own","Married","Close",117958,0,"High",6,165.9
"Old","Female","Own","Married","Close",123790,3,"Low",12,63.5
"Young","Male","Rent","Married","Close",83669,1,"Medium",12,164.5
"Old","Male","Own","Single","Close",71948,0,"Medium",12,109.2
"Middle","Female","Rent","Married","Close",101273,3,"Low",6,543.2
"Middle","Male","Own","Married","Close",121905,0,"High",18,293.6
"Middle","Male","Rent","Single","Close",53058,0,"None",18,184.1
"Old","Female","Own","Married","Close",185273,0,"None",24,100.8
"Middle","Male","Rent","Married","Far",83919,1,"None",24,222.5
"Middle","Male","Own","Married","Close",97471,1,"Medium",6,90.7
"Middle","Female","Own","Single","Far",33122,1,"None",6,66.2
"Old","Male","Own","Married","Close",123466,1,"High",24,302.9
"Young","Female","Rent","Single","Close",22462,0,"None",18,46.5
"Middle","Female","Own","Single","Close",101959,3,"Low",6,21.2
"Young","Male","Own","Single","Close",36204,0,"None",24,101.6
"Young","Male","Rent","Single","Close",81903,0,"Low",12,144.1
"Middle","Female","Own","Married","Close",95432,1,"High",18,209.8
"Young","Female","Rent","Single","Close",24689,0,"Low",18,350.1
"Middle","Male","Own","Married","Close",90132,2,"Medium",6,85.8
"Young","Female","Own","Married","Close",87737,1,"None",18,152
"Old","Male","Own","Single","Close",45719,2,"None",18,135.8
"Young","Female","Rent","Single","Far",63975,0,"Low",6,48.7
"Middle","Female","Own","Married","Close",140078,1,"High",24,232.7
"Middle","Female","Own","Single","Far",69483,3,"Medium",24,198.3
"Young","Female","Rent","Single","Far",36152,1,"Medium",24,97.2
"Young","Female","Rent","Single","Close",30470,1,"None",6,53.1
"Middle","Female","Own","Single","Close",61794,3,"None",6,127.3
"Old","Female","Own","Married","Far",88587,0,"None",12,256.8
"Middle","Male","Own","Single","Close",73226,0,"High",18,201.7
"Middle","Male","Rent","Married","Close",97105,2,"Medium",24,134.1
"Middle","Male","Own","Married","Close",115398,3,"None",12,289.1
"Old","Female","Own","Married","Close",76917,0,"High",18,149.5
"Old","Male","Own","Married","Far",82880,2,"High",24,357.5
"Middle","Male","Own","Married","Close",93931,3,"None",6,144.8
"Old","Female","Own","Married","Close",97575,0,"High",18,209.7
"Young","Female","Rent","Single","Close",27140,1,"Low",18,62.2
"Old","Female","Own","Married","Far",134917,0,"High",24,405.2
"Young","Female","Rent","Single","Far",97217,1,"Low",6,45.8
"Old","Male","Rent","Married","Close",57203,0,"Medium",6,84.9
"Middle","Female","Rent","Single","Close",73857,0,"None",6,227.7
"Young","Female","Rent","Married","Close",41641,0,"Medium",6,94.1
"Middle","Female","Own","Single","Close",73281,1,"Medium",12,100.6
"Middle","Male","Rent","Married","Far",58221,2,"Medium",12,186.4
"Middle","Male","Own","Married","Close",111100,0,"High",24,383.7
"Middle","Female","Rent","Married","Close",72708,1,"Medium",18,114.2
"Middle","Male","Rent","Single","Close",70415,1,"Medium",6,86.6
"Middle","Male","Own","Married","Close",107908,3,"None",12,164
"Middle","Male","Own","Married","Close",110849,2,"None",6,308.6
"Middle","Male","Rent","Single","Close",60196,0,"Medium",6,122.8
"Middle","Male","Rent","Married","Close",123738,3,"Low",6,36
"Old","Female","Own","Married","Far",63151,0,"High",12,178.9
"Young","Male","Own","Single","Close",42531,3,"Low",18,32.5
"Middle","Female","Rent","Married","Far",124327,1,"High",18,162.4
"Middle","Male","Rent","Married","Close",94023,2,"None",18,298.5
"Middle","Male","Own","Married","Close",182732,0,"High",6,182.5
"Middle","Male","Own","Single","Close",57907,1,"Medium",24,132.7
"Middle","Female","Own","Married","Close",88383,3,"Low",12,84.5
"Old","Male","Rent","Married","Far",81157,0,"None",6,116.1
"Middle","Male","Rent","Married","Close",149600,2,"Medium",6,63.9
"Middle","Male","Rent","Married","Close",102008,1,"High",18,133.5
"Young","Female","Rent","Single","Close",59643,3,"None",6,165.2
"Young","Male","Rent","Single","Far",46376,0,"Low",24,70.7
"Young","Male","Rent","Single","Far",23512,0,"Low",18,66.7
"Old","Male","Own","Married","Close",175167,0,"High",6,159.6
"Middle","Male","Rent","Single","Far",79101,0,"High",18,179.7
"Young","Male","Rent","Single","Close",34048,3,"Low",18,24.1
"Middle","Male","Rent","Married","Far",81916,3,"Medium",18,132.2
"Middle","Female","Own","Single","Far",75351,0,"High",18,178.8
"Middle","Female","Rent","Single","Close",58713,0,"Medium",18,132.5
"Middle","Male","Own","Single","Close",67708,0,"Medium",12,88.9
"Middle","Female","Own","Single","Close",74175,1,"Medium",6,379.9
"Old","Female","Own","Single","Close",32378,0,"Low",18,97.6
"Young","Female","Rent","Single","Far",50797,3,"Low",6,23.8
"Middle","Male","Rent","Single","Far",63579,1,"None",18,183.7
"Middle","Male","Rent","Married","Far",103278,1,"None",12,305.2
"Old","Male","Own","Married","Close",29021,0,"Low",6,40.6
"Middle","Female","Own","Married","Close",122558,3,"Low",12,68
"Middle","Female","Own","Married","Far",57682,1,"High",18,230.4
"Middle","Male","Rent","Single","Far",86844,0,"High",12,251.6
"Young","Male","Rent","Single","Close",26552,0,"Low",12,110.2
"Old","Male","Own","Married","Far",42929,0,"Medium",12,146.2
"Young","Female","Rent","Single","Far",27648,0,"None",18,61.1
"Middle","Male","Rent","Single","Close",71121,1,"Medium",24,171.3
"Old","Female","Rent","Single","Far",27670,0,"None",12,92.4
"Old","Female","Own","Single","Close",44081,0,"Medium",6,77.3
"Young","Male","Rent","Single","Far",35958,1,"None",12,49.6
"Middle","Female","Own","Single","Close",52111,1,"None",6,59.3
"Middle","Male","Own","Single","Close",78199,0,"High",24,219.8
"Old","Male","Own","Married","Close",106708,0,"High",18,193
"Middle","Male","Rent","Single","Close",67840,1,"None",12,136.2
"Middle","Female","Rent","Single","Far",64361,1,"Medium",6,84.5
"Old","Female","Rent","Married","Close",77745,0,"High",24,1000
"Middle","Female","Rent","Single","Far",45361,0,"Medium",24,155
"Young","Female","Rent","Single","Far",44556,1,"Low",6,545.7
"Middle","Female","Rent","Single","Close",109048,3,"Low",18,35.2
"Old","Male","Own","Single","Close",6998153,0,"High",18,172.5
"Middle","Female","Rent","Single","Close",41614,2,"Low",18,104.5
"Young","Male","Rent","Single","Close",44185,0,"Low",6,24.5
"Middle","Male","Own","Single","Far",44675,1,"Medium",12,106.2
"Middle","Male","Rent","Single","Close",55601,0,"Medium",12,66.3
"Young","Male","Rent","Single","Far",264868,0,"Medium",12,72.1
"Old","Male","Rent","Married","Close",193250,0,"High",12,146.5
"Middle","Male","Own","Single","Close",78312,0,"High",24,224.6
"Middle","Male","Own","Married","Far",84461,1,"High",18,233.7
"Middle","Female","Rent","Married","Close",81468,1,"None",24,316.6
"Young","Female","Rent","Single","Close",45541,3,"None",6,83
"Old","Female","Own","Married","Close",53305,0,"Medium",12,304.7
"Middle","Male","Own","Married","Close",294650,2,"Medium",6,60.1
"Middle","Female","Own","Single","Far",63671,0,"High",18,198.3
"Young","Male","Rent","Married","Close",62115,0,"Medium",6,80.7
"Middle","Male","Own","Married","Close",107890,1,"High",12,169.7
"Middle","Male","Own","Married","Far",114570,3,"High",24,190.6
"Middle","Female","Own","Married","Far",92245,1,"High",24,318
"Middle","Male","Own","Married","Far",101217,3,"High",6,112.6
"Middle","Female","Own","Married","Close",129203,0,"High",18,209.6
"Old","Female","Own","Single","Close",38803,3,"None",6,77.3
"Middle","Female","Own","Single","Close",50164,2,"Low",24,57.5
"Middle","Female","Rent","Single","Close",46638,1,"None",6,37.9
"Young","Male","Rent","Married","Close",73133,0,"None",24,179.6
"Old","Male","Rent","Married","Far",83221,0,"High",24,211.6
"Middle","Male","Own","Married","Far",135933,2,"High",18,270.1
"Old","Male","Own","Single","Close",69587,0,"High",24,1000
"Old","Male","Own","Married","Far",131234,0,"High",24,628.9
"Middle","Female","Rent","Single","Close",44339,2,"Low",24,46.1
"Middle","Male","Own","Married","Far",113786,1,"High",18,393.5
"Middle","Male","Own","Married","Close",130090,2,"None",18,360.1
"Old","Female","Rent","Single","Far",17451,0,"Low",18,64.9
"Middle","Male","Own","Married","Close",108656,1,"None",6,105.3
"Middle","Female","Own","Married","Far",106620,0,"High",24,555.9
"Young","Male","Rent","Single","Close",35014,0,"None",6,43.5
"Young","Female","Rent","Single","Close",31116,1,"None",18,70.6
"Middle","Male","Rent","Single","Far",63705,1,"None",18,120.3
"Old","Male","Own","Single","Close",90260,0,"Medium",24,186.1
"Middle","Male","Own","Married","Close",90648,2,"Medium",18,129.9
"Young","Male","Rent","Married","Close",60753,1,"Medium",24,102.7
